startTime,count
2023-06-18 21:40:21,1
2023-06-18 21:40:22,0
2023-06-18 21:40:23,0
2023-06-18 21:40:24,0
2023-06-18 21:40:25,0
2023-06-18 21:40:26,0
2023-06-18 21:40:27,0
2023-06-18 21:40:28,0
2023-06-18 21:40:29,0
2023-06-18 21:40:30,0
2023-06-18 21:40:31,0
2023-06-18 21:40:32,0
2023-06-18 21:40:33,0
2023-06-18 21:40:34,0
2023-06-18 21:40:35,0
2023-06-18 21:40:36,0
2023-06-18 21:40:37,0
2023-06-18 21:40:38,0
2023-06-18 21:40:39,0
2023-06-18 21:40:40,0
2023-06-18 21:40:41,0
2023-06-18 21:40:42,0
2023-06-18 21:40:43,0
2023-06-18 21:40:44,0
2023-06-18 21:40:45,0
2023-06-18 21:40:46,0
2023-06-18 21:40:47,0
2023-06-18 21:40:48,0
2023-06-18 21:40:49,0
2023-06-18 21:40:50,0
2023-06-18 21:40:51,0
2023-06-18 21:40:52,0
2023-06-18 21:40:53,0
2023-06-18 21:40:54,0
2023-06-18 21:40:55,0
2023-06-18 21:40:56,0
2023-06-18 21:40:57,0
2023-06-18 21:40:58,0
2023-06-18 21:40:59,0
2023-06-18 21:41:00,0
2023-06-18 21:41:01,0
2023-06-18 21:41:02,0
2023-06-18 21:41:03,0
2023-06-18 21:41:04,0
2023-06-18 21:41:05,0
2023-06-18 21:41:06,0
2023-06-18 21:41:07,0
2023-06-18 21:41:08,0
2023-06-18 21:41:09,0
2023-06-18 21:41:10,0
2023-06-18 21:41:11,0
2023-06-18 21:41:12,0
2023-06-18 21:41:13,0
2023-06-18 21:41:14,0
2023-06-18 21:41:15,0
2023-06-18 21:41:16,0
2023-06-18 21:41:17,0
2023-06-18 21:41:18,0
2023-06-18 21:41:19,0
2023-06-18 21:41:20,0
2023-06-18 21:41:21,0
2023-06-18 21:41:22,0
2023-06-18 21:41:23,0
2023-06-18 21:41:24,0
2023-06-18 21:41:25,0
2023-06-18 21:41:26,0
2023-06-18 21:41:27,0
2023-06-18 21:41:28,0
2023-06-18 21:41:29,0
2023-06-18 21:41:30,0
2023-06-18 21:41:31,0
2023-06-18 21:41:32,0
2023-06-18 21:41:33,0
2023-06-18 21:41:34,0
2023-06-18 21:41:35,0
2023-06-18 21:41:36,0
2023-06-18 21:41:37,0
2023-06-18 21:41:38,0
2023-06-18 21:41:39,0
2023-06-18 21:41:40,0
2023-06-18 21:41:41,0
2023-06-18 21:41:42,0
2023-06-18 21:41:43,0
2023-06-18 21:41:44,0
2023-06-18 21:41:45,0
2023-06-18 21:41:46,0
2023-06-18 21:41:47,0
2023-06-18 21:41:48,0
2023-06-18 21:41:49,0
2023-06-18 21:41:50,0
2023-06-18 21:41:51,0
2023-06-18 21:41:52,0
2023-06-18 21:41:53,0
2023-06-18 21:41:54,0
2023-06-18 21:41:55,0
2023-06-18 21:41:56,0
2023-06-18 21:41:57,0
2023-06-18 21:41:58,0
2023-06-18 21:41:59,0
2023-06-18 21:42:00,0
2023-06-18 21:42:01,0
2023-06-18 21:42:02,0
2023-06-18 21:42:03,0
2023-06-18 21:42:04,0
2023-06-18 21:42:05,0
2023-06-18 21:42:06,0
2023-06-18 21:42:07,0
2023-06-18 21:42:08,0
2023-06-18 21:42:09,0
2023-06-18 21:42:10,0
2023-06-18 21:42:11,0
2023-06-18 21:42:12,0
2023-06-18 21:42:13,0
2023-06-18 21:42:14,0
2023-06-18 21:42:15,0
2023-06-18 21:42:16,0
2023-06-18 21:42:17,0
2023-06-18 21:42:18,0
2023-06-18 21:42:19,0
2023-06-18 21:42:20,1
2023-06-18 21:42:21,0
2023-06-18 21:42:22,0
2023-06-18 21:42:23,0
2023-06-18 21:42:24,0
2023-06-18 21:42:25,0
2023-06-18 21:42:26,0
2023-06-18 21:42:27,0
2023-06-18 21:42:28,0
2023-06-18 21:42:29,0
2023-06-18 21:42:30,0
2023-06-18 21:42:31,0
2023-06-18 21:42:32,0
2023-06-18 21:42:33,0
2023-06-18 21:42:34,0
2023-06-18 21:42:35,0
2023-06-18 21:42:36,0
2023-06-18 21:42:37,0
2023-06-18 21:42:38,0
2023-06-18 21:42:39,0
2023-06-18 21:42:40,0
2023-06-18 21:42:41,0
2023-06-18 21:42:42,0
2023-06-18 21:42:43,0
2023-06-18 21:42:44,0
2023-06-18 21:42:45,0
2023-06-18 21:42:46,0
2023-06-18 21:42:47,0
2023-06-18 21:42:48,0
2023-06-18 21:42:49,0
2023-06-18 21:42:50,0
2023-06-18 21:42:51,0
2023-06-18 21:42:52,0
2023-06-18 21:42:53,0
2023-06-18 21:42:54,0
2023-06-18 21:42:55,0
2023-06-18 21:42:56,0
2023-06-18 21:42:57,0
2023-06-18 21:42:58,0
2023-06-18 21:42:59,0
2023-06-18 21:43:00,0
2023-06-18 21:43:01,0
2023-06-18 21:43:02,0
2023-06-18 21:43:03,0
2023-06-18 21:43:04,0
2023-06-18 21:43:05,0
2023-06-18 21:43:06,0
2023-06-18 21:43:07,0
2023-06-18 21:43:08,0
2023-06-18 21:43:09,0
2023-06-18 21:43:10,0
2023-06-18 21:43:11,0
2023-06-18 21:43:12,0
2023-06-18 21:43:13,0
2023-06-18 21:43:14,0
2023-06-18 21:43:15,0
2023-06-18 21:43:16,0
2023-06-18 21:43:17,0
2023-06-18 21:43:18,0
2023-06-18 21:43:19,0
2023-06-18 21:43:20,0
2023-06-18 21:43:21,0
2023-06-18 21:43:22,0
2023-06-18 21:43:23,0
2023-06-18 21:43:24,0
2023-06-18 21:43:25,0
2023-06-18 21:43:26,0
2023-06-18 21:43:27,0
2023-06-18 21:43:28,0
2023-06-18 21:43:29,0
2023-06-18 21:43:30,0
2023-06-18 21:43:31,0
2023-06-18 21:43:32,0
2023-06-18 21:43:33,0
2023-06-18 21:43:34,0
2023-06-18 21:43:35,0
2023-06-18 21:43:36,0
2023-06-18 21:43:37,0
2023-06-18 21:43:38,0
2023-06-18 21:43:39,0
2023-06-18 21:43:40,0
2023-06-18 21:43:41,0
2023-06-18 21:43:42,0
2023-06-18 21:43:43,0
2023-06-18 21:43:44,0
2023-06-18 21:43:45,0
2023-06-18 21:43:46,0
2023-06-18 21:43:47,0
2023-06-18 21:43:48,0
2023-06-18 21:43:49,0
2023-06-18 21:43:50,0
2023-06-18 21:43:51,0
2023-06-18 21:43:52,0
2023-06-18 21:43:53,0
2023-06-18 21:43:54,0
2023-06-18 21:43:55,0
2023-06-18 21:43:56,0
2023-06-18 21:43:57,0
2023-06-18 21:43:58,0
2023-06-18 21:43:59,0
2023-06-18 21:44:00,0
2023-06-18 21:44:01,0
2023-06-18 21:44:02,0
2023-06-18 21:44:03,0
2023-06-18 21:44:04,0
2023-06-18 21:44:05,0
2023-06-18 21:44:06,0
2023-06-18 21:44:07,0
2023-06-18 21:44:08,0
2023-06-18 21:44:09,0
2023-06-18 21:44:10,0
2023-06-18 21:44:11,0
2023-06-18 21:44:12,0
2023-06-18 21:44:13,0
2023-06-18 21:44:14,0
2023-06-18 21:44:15,0
2023-06-18 21:44:16,0
2023-06-18 21:44:17,0
2023-06-18 21:44:18,0
2023-06-18 21:44:19,0
2023-06-18 21:44:20,0
2023-06-18 21:44:21,0
2023-06-18 21:44:22,0
2023-06-18 21:44:23,0
2023-06-18 21:44:24,0
2023-06-18 21:44:25,0
2023-06-18 21:44:26,0
2023-06-18 21:44:27,0
2023-06-18 21:44:28,0
2023-06-18 21:44:29,0
2023-06-18 21:44:30,0
2023-06-18 21:44:31,0
2023-06-18 21:44:32,0
2023-06-18 21:44:33,0
2023-06-18 21:44:34,0
2023-06-18 21:44:35,0
2023-06-18 21:44:36,0
2023-06-18 21:44:37,0
2023-06-18 21:44:38,0
2023-06-18 21:44:39,0
2023-06-18 21:44:40,0
2023-06-18 21:44:41,0
2023-06-18 21:44:42,0
2023-06-18 21:44:43,0
2023-06-18 21:44:44,0
2023-06-18 21:44:45,0
2023-06-18 21:44:46,0
2023-06-18 21:44:47,0
2023-06-18 21:44:48,0
2023-06-18 21:44:49,0
2023-06-18 21:44:50,0
2023-06-18 21:44:51,0
2023-06-18 21:44:52,0
2023-06-18 21:44:53,0
2023-06-18 21:44:54,0
2023-06-18 21:44:55,0
2023-06-18 21:44:56,0
2023-06-18 21:44:57,0
2023-06-18 21:44:58,0
2023-06-18 21:44:59,0
2023-06-18 21:45:00,0
2023-06-18 21:45:01,0
2023-06-18 21:45:02,0
2023-06-18 21:45:03,0
2023-06-18 21:45:04,0
2023-06-18 21:45:05,0
2023-06-18 21:45:06,0
2023-06-18 21:45:07,0
2023-06-18 21:45:08,0
2023-06-18 21:45:09,0
2023-06-18 21:45:10,0
2023-06-18 21:45:11,0
2023-06-18 21:45:12,0
2023-06-18 21:45:13,0
2023-06-18 21:45:14,0
2023-06-18 21:45:15,0
2023-06-18 21:45:16,0
2023-06-18 21:45:17,0
2023-06-18 21:45:18,0
2023-06-18 21:45:19,0
2023-06-18 21:45:20,0
2023-06-18 21:45:21,0
2023-06-18 21:45:22,0
2023-06-18 21:45:23,0
2023-06-18 21:45:24,0
2023-06-18 21:45:25,0
2023-06-18 21:45:26,0
2023-06-18 21:45:27,0
2023-06-18 21:45:28,0
2023-06-18 21:45:29,0
2023-06-18 21:45:30,0
2023-06-18 21:45:31,0
2023-06-18 21:45:32,0
2023-06-18 21:45:33,0
2023-06-18 21:45:34,0
2023-06-18 21:45:35,0
2023-06-18 21:45:36,0
2023-06-18 21:45:37,0
2023-06-18 21:45:38,0
2023-06-18 21:45:39,0
2023-06-18 21:45:40,0
2023-06-18 21:45:41,0
2023-06-18 21:45:42,0
2023-06-18 21:45:43,0
2023-06-18 21:45:44,0
2023-06-18 21:45:45,0
2023-06-18 21:45:46,0
2023-06-18 21:45:47,0
2023-06-18 21:45:48,0
2023-06-18 21:45:49,0
2023-06-18 21:45:50,0
2023-06-18 21:45:51,0
2023-06-18 21:45:52,0
2023-06-18 21:45:53,0
2023-06-18 21:45:54,0
2023-06-18 21:45:55,0
2023-06-18 21:45:56,0
2023-06-18 21:45:57,0
2023-06-18 21:45:58,0
2023-06-18 21:45:59,0
2023-06-18 21:46:00,0
2023-06-18 21:46:01,0
2023-06-18 21:46:02,0
2023-06-18 21:46:03,0
2023-06-18 21:46:04,0
2023-06-18 21:46:05,0
2023-06-18 21:46:06,0
2023-06-18 21:46:07,0
2023-06-18 21:46:08,0
2023-06-18 21:46:09,0
2023-06-18 21:46:10,0
2023-06-18 21:46:11,0
2023-06-18 21:46:12,0
2023-06-18 21:46:13,0
2023-06-18 21:46:14,0
2023-06-18 21:46:15,0
2023-06-18 21:46:16,0
2023-06-18 21:46:17,0
2023-06-18 21:46:18,0
2023-06-18 21:46:19,0
2023-06-18 21:46:20,0
2023-06-18 21:46:21,0
2023-06-18 21:46:22,0
2023-06-18 21:46:23,0
2023-06-18 21:46:24,0
2023-06-18 21:46:25,0
2023-06-18 21:46:26,0
2023-06-18 21:46:27,0
2023-06-18 21:46:28,0
2023-06-18 21:46:29,0
2023-06-18 21:46:30,1
2023-06-18 21:46:31,0
2023-06-18 21:46:32,0
2023-06-18 21:46:33,0
2023-06-18 21:46:34,0
2023-06-18 21:46:35,0
2023-06-18 21:46:36,0
2023-06-18 21:46:37,0
2023-06-18 21:46:38,0
2023-06-18 21:46:39,0
2023-06-18 21:46:40,0
2023-06-18 21:46:41,0
2023-06-18 21:46:42,0
2023-06-18 21:46:43,0
2023-06-18 21:46:44,0
2023-06-18 21:46:45,0
2023-06-18 21:46:46,0
2023-06-18 21:46:47,0
2023-06-18 21:46:48,0
2023-06-18 21:46:49,0
2023-06-18 21:46:50,0
2023-06-18 21:46:51,0
2023-06-18 21:46:52,0
2023-06-18 21:46:53,0
2023-06-18 21:46:54,0
2023-06-18 21:46:55,0
2023-06-18 21:46:56,0
2023-06-18 21:46:57,0
2023-06-18 21:46:58,0
2023-06-18 21:46:59,0
2023-06-18 21:47:00,0
2023-06-18 21:47:01,0
2023-06-18 21:47:02,0
2023-06-18 21:47:03,0
2023-06-18 21:47:04,0
2023-06-18 21:47:05,0
2023-06-18 21:47:06,0
2023-06-18 21:47:07,0
2023-06-18 21:47:08,0
2023-06-18 21:47:09,0
2023-06-18 21:47:10,0
2023-06-18 21:47:11,0
2023-06-18 21:47:12,0
2023-06-18 21:47:13,0
2023-06-18 21:47:14,0
2023-06-18 21:47:15,0
2023-06-18 21:47:16,0
2023-06-18 21:47:17,0
2023-06-18 21:47:18,0
2023-06-18 21:47:19,0
2023-06-18 21:47:20,0
2023-06-18 21:47:21,0
2023-06-18 21:47:22,0
2023-06-18 21:47:23,0
2023-06-18 21:47:24,0
2023-06-18 21:47:25,0
2023-06-18 21:47:26,0
2023-06-18 21:47:27,0
2023-06-18 21:47:28,0
2023-06-18 21:47:29,0
2023-06-18 21:47:30,0
2023-06-18 21:47:31,0
2023-06-18 21:47:32,0
2023-06-18 21:47:33,0
2023-06-18 21:47:34,0
2023-06-18 21:47:35,0
2023-06-18 21:47:36,0
2023-06-18 21:47:37,0
2023-06-18 21:47:38,0
2023-06-18 21:47:39,0
2023-06-18 21:47:40,0
2023-06-18 21:47:41,0
2023-06-18 21:47:42,0
2023-06-18 21:47:43,0
2023-06-18 21:47:44,0
2023-06-18 21:47:45,0
2023-06-18 21:47:46,0
2023-06-18 21:47:47,0
2023-06-18 21:47:48,0
2023-06-18 21:47:49,0
2023-06-18 21:47:50,0
2023-06-18 21:47:51,0
2023-06-18 21:47:52,0
2023-06-18 21:47:53,0
2023-06-18 21:47:54,0
2023-06-18 21:47:55,0
2023-06-18 21:47:56,0
2023-06-18 21:47:57,0
2023-06-18 21:47:58,0
2023-06-18 21:47:59,0
2023-06-18 21:48:00,0
2023-06-18 21:48:01,0
2023-06-18 21:48:02,0
2023-06-18 21:48:03,0
2023-06-18 21:48:04,0
2023-06-18 21:48:05,0
2023-06-18 21:48:06,0
2023-06-18 21:48:07,0
2023-06-18 21:48:08,0
2023-06-18 21:48:09,0
2023-06-18 21:48:10,0
2023-06-18 21:48:11,0
2023-06-18 21:48:12,0
2023-06-18 21:48:13,0
2023-06-18 21:48:14,0
2023-06-18 21:48:15,0
2023-06-18 21:48:16,0
2023-06-18 21:48:17,0
2023-06-18 21:48:18,0
2023-06-18 21:48:19,0
2023-06-18 21:48:20,0
2023-06-18 21:48:21,0
2023-06-18 21:48:22,0
2023-06-18 21:48:23,0
2023-06-18 21:48:24,0
2023-06-18 21:48:25,0
2023-06-18 21:48:26,0
2023-06-18 21:48:27,0
2023-06-18 21:48:28,0
2023-06-18 21:48:29,0
2023-06-18 21:48:30,0
2023-06-18 21:48:31,0
2023-06-18 21:48:32,0
2023-06-18 21:48:33,0
2023-06-18 21:48:34,0
2023-06-18 21:48:35,0
2023-06-18 21:48:36,0
2023-06-18 21:48:37,0
2023-06-18 21:48:38,0
2023-06-18 21:48:39,0
2023-06-18 21:48:40,0
2023-06-18 21:48:41,0
2023-06-18 21:48:42,0
2023-06-18 21:48:43,0
2023-06-18 21:48:44,0
2023-06-18 21:48:45,0
2023-06-18 21:48:46,0
2023-06-18 21:48:47,0
2023-06-18 21:48:48,0
2023-06-18 21:48:49,0
2023-06-18 21:48:50,0
2023-06-18 21:48:51,0
2023-06-18 21:48:52,0
2023-06-18 21:48:53,0
2023-06-18 21:48:54,0
2023-06-18 21:48:55,0
2023-06-18 21:48:56,0
2023-06-18 21:48:57,0
2023-06-18 21:48:58,0
2023-06-18 21:48:59,0
2023-06-18 21:49:00,0
2023-06-18 21:49:01,0
2023-06-18 21:49:02,0
2023-06-18 21:49:03,0
2023-06-18 21:49:04,0
2023-06-18 21:49:05,0
2023-06-18 21:49:06,0
2023-06-18 21:49:07,0
2023-06-18 21:49:08,0
2023-06-18 21:49:09,0
2023-06-18 21:49:10,0
2023-06-18 21:49:11,0
2023-06-18 21:49:12,0
2023-06-18 21:49:13,0
2023-06-18 21:49:14,0
2023-06-18 21:49:15,0
2023-06-18 21:49:16,0
2023-06-18 21:49:17,0
2023-06-18 21:49:18,0
2023-06-18 21:49:19,0
2023-06-18 21:49:20,0
2023-06-18 21:49:21,0
2023-06-18 21:49:22,0
2023-06-18 21:49:23,0
2023-06-18 21:49:24,0
2023-06-18 21:49:25,0
2023-06-18 21:49:26,0
2023-06-18 21:49:27,0
2023-06-18 21:49:28,0
2023-06-18 21:49:29,0
2023-06-18 21:49:30,0
2023-06-18 21:49:31,0
2023-06-18 21:49:32,0
2023-06-18 21:49:33,0
2023-06-18 21:49:34,0
2023-06-18 21:49:35,0
2023-06-18 21:49:36,0
2023-06-18 21:49:37,0
2023-06-18 21:49:38,0
2023-06-18 21:49:39,0
2023-06-18 21:49:40,0
2023-06-18 21:49:41,0
2023-06-18 21:49:42,0
2023-06-18 21:49:43,0
2023-06-18 21:49:44,0
2023-06-18 21:49:45,1
2023-06-18 21:49:46,0
2023-06-18 21:49:47,0
2023-06-18 21:49:48,0
2023-06-18 21:49:49,0
2023-06-18 21:49:50,0
2023-06-18 21:49:51,0
2023-06-18 21:49:52,0
2023-06-18 21:49:53,0
2023-06-18 21:49:54,0
2023-06-18 21:49:55,0
2023-06-18 21:49:56,0
2023-06-18 21:49:57,0
2023-06-18 21:49:58,0
2023-06-18 21:49:59,0
2023-06-18 21:50:00,0
2023-06-18 21:50:01,0
2023-06-18 21:50:02,0
2023-06-18 21:50:03,0
2023-06-18 21:50:04,0
2023-06-18 21:50:05,0
2023-06-18 21:50:06,0
2023-06-18 21:50:07,0
2023-06-18 21:50:08,0
2023-06-18 21:50:09,0
2023-06-18 21:50:10,0
2023-06-18 21:50:11,0
2023-06-18 21:50:12,0
2023-06-18 21:50:13,0
2023-06-18 21:50:14,0
2023-06-18 21:50:15,0
2023-06-18 21:50:16,0
2023-06-18 21:50:17,0
2023-06-18 21:50:18,0
2023-06-18 21:50:19,0
2023-06-18 21:50:20,0
2023-06-18 21:50:21,0
2023-06-18 21:50:22,0
2023-06-18 21:50:23,0
2023-06-18 21:50:24,0
2023-06-18 21:50:25,0
2023-06-18 21:50:26,0
2023-06-18 21:50:27,0
2023-06-18 21:50:28,0
2023-06-18 21:50:29,0
2023-06-18 21:50:30,0
2023-06-18 21:50:31,0
2023-06-18 21:50:32,0
2023-06-18 21:50:33,0
2023-06-18 21:50:34,0
2023-06-18 21:50:35,0
2023-06-18 21:50:36,0
2023-06-18 21:50:37,0
2023-06-18 21:50:38,0
2023-06-18 21:50:39,0
2023-06-18 21:50:40,0
2023-06-18 21:50:41,0
2023-06-18 21:50:42,0
2023-06-18 21:50:43,0
2023-06-18 21:50:44,0
2023-06-18 21:50:45,0
2023-06-18 21:50:46,0
2023-06-18 21:50:47,0
2023-06-18 21:50:48,0
2023-06-18 21:50:49,0
2023-06-18 21:50:50,0
2023-06-18 21:50:51,0
2023-06-18 21:50:52,0
2023-06-18 21:50:53,0
2023-06-18 21:50:54,0
2023-06-18 21:50:55,0
2023-06-18 21:50:56,0
2023-06-18 21:50:57,0
2023-06-18 21:50:58,0
2023-06-18 21:50:59,0
2023-06-18 21:51:00,0
2023-06-18 21:51:01,0
2023-06-18 21:51:02,0
2023-06-18 21:51:03,0
2023-06-18 21:51:04,0
2023-06-18 21:51:05,0
2023-06-18 21:51:06,0
2023-06-18 21:51:07,0
2023-06-18 21:51:08,0
2023-06-18 21:51:09,0
2023-06-18 21:51:10,0
2023-06-18 21:51:11,0
2023-06-18 21:51:12,0
2023-06-18 21:51:13,0
2023-06-18 21:51:14,0
2023-06-18 21:51:15,0
2023-06-18 21:51:16,0
2023-06-18 21:51:17,0
2023-06-18 21:51:18,0
2023-06-18 21:51:19,0
2023-06-18 21:51:20,0
2023-06-18 21:51:21,0
2023-06-18 21:51:22,0
2023-06-18 21:51:23,0
2023-06-18 21:51:24,0
2023-06-18 21:51:25,0
2023-06-18 21:51:26,0
2023-06-18 21:51:27,0
2023-06-18 21:51:28,0
2023-06-18 21:51:29,0
2023-06-18 21:51:30,0
2023-06-18 21:51:31,0
2023-06-18 21:51:32,0
2023-06-18 21:51:33,1
2023-06-18 21:51:34,0
2023-06-18 21:51:35,0
2023-06-18 21:51:36,0
2023-06-18 21:51:37,0
2023-06-18 21:51:38,0
2023-06-18 21:51:39,0
2023-06-18 21:51:40,0
2023-06-18 21:51:41,0
2023-06-18 21:51:42,0
2023-06-18 21:51:43,0
2023-06-18 21:51:44,0
2023-06-18 21:51:45,0
2023-06-18 21:51:46,0
2023-06-18 21:51:47,0
2023-06-18 21:51:48,0
2023-06-18 21:51:49,0
2023-06-18 21:51:50,0
2023-06-18 21:51:51,0
2023-06-18 21:51:52,0
2023-06-18 21:51:53,0
2023-06-18 21:51:54,0
2023-06-18 21:51:55,0
2023-06-18 21:51:56,0
2023-06-18 21:51:57,0
2023-06-18 21:51:58,0
2023-06-18 21:51:59,0
2023-06-18 21:52:00,0
2023-06-18 21:52:01,0
2023-06-18 21:52:02,0
2023-06-18 21:52:03,0
2023-06-18 21:52:04,0
2023-06-18 21:52:05,0
2023-06-18 21:52:06,0
2023-06-18 21:52:07,0
2023-06-18 21:52:08,0
2023-06-18 21:52:09,0
2023-06-18 21:52:10,0
2023-06-18 21:52:11,0
2023-06-18 21:52:12,0
2023-06-18 21:52:13,0
2023-06-18 21:52:14,0
2023-06-18 21:52:15,0
2023-06-18 21:52:16,0
2023-06-18 21:52:17,0
2023-06-18 21:52:18,0
2023-06-18 21:52:19,0
2023-06-18 21:52:20,0
2023-06-18 21:52:21,0
2023-06-18 21:52:22,0
2023-06-18 21:52:23,0
2023-06-18 21:52:24,0
2023-06-18 21:52:25,0
2023-06-18 21:52:26,0
2023-06-18 21:52:27,0
2023-06-18 21:52:28,0
2023-06-18 21:52:29,0
2023-06-18 21:52:30,0
2023-06-18 21:52:31,0
2023-06-18 21:52:32,0
2023-06-18 21:52:33,0
2023-06-18 21:52:34,0
2023-06-18 21:52:35,0
2023-06-18 21:52:36,0
2023-06-18 21:52:37,0
2023-06-18 21:52:38,0
2023-06-18 21:52:39,0
2023-06-18 21:52:40,0
2023-06-18 21:52:41,0
2023-06-18 21:52:42,0
2023-06-18 21:52:43,0
2023-06-18 21:52:44,0
2023-06-18 21:52:45,0
2023-06-18 21:52:46,0
2023-06-18 21:52:47,0
2023-06-18 21:52:48,0
2023-06-18 21:52:49,0
2023-06-18 21:52:50,0
2023-06-18 21:52:51,0
2023-06-18 21:52:52,0
2023-06-18 21:52:53,0
2023-06-18 21:52:54,0
2023-06-18 21:52:55,0
2023-06-18 21:52:56,0
2023-06-18 21:52:57,0
2023-06-18 21:52:58,0
2023-06-18 21:52:59,0
2023-06-18 21:53:00,0
2023-06-18 21:53:01,0
2023-06-18 21:53:02,0
2023-06-18 21:53:03,0
2023-06-18 21:53:04,0
2023-06-18 21:53:05,0
2023-06-18 21:53:06,0
2023-06-18 21:53:07,0
2023-06-18 21:53:08,0
2023-06-18 21:53:09,0
2023-06-18 21:53:10,0
2023-06-18 21:53:11,0
2023-06-18 21:53:12,0
2023-06-18 21:53:13,0
2023-06-18 21:53:14,0
2023-06-18 21:53:15,0
2023-06-18 21:53:16,0
2023-06-18 21:53:17,0
2023-06-18 21:53:18,0
2023-06-18 21:53:19,0
2023-06-18 21:53:20,0
2023-06-18 21:53:21,0
2023-06-18 21:53:22,0
2023-06-18 21:53:23,0
2023-06-18 21:53:24,0
2023-06-18 21:53:25,0
2023-06-18 21:53:26,0
2023-06-18 21:53:27,0
2023-06-18 21:53:28,0
2023-06-18 21:53:29,0
2023-06-18 21:53:30,0
2023-06-18 21:53:31,0
2023-06-18 21:53:32,0
2023-06-18 21:53:33,0
2023-06-18 21:53:34,0
2023-06-18 21:53:35,0
2023-06-18 21:53:36,0
2023-06-18 21:53:37,0
2023-06-18 21:53:38,0
2023-06-18 21:53:39,0
2023-06-18 21:53:40,0
2023-06-18 21:53:41,0
2023-06-18 21:53:42,0
2023-06-18 21:53:43,0
2023-06-18 21:53:44,0
2023-06-18 21:53:45,0
2023-06-18 21:53:46,0
2023-06-18 21:53:47,0
2023-06-18 21:53:48,0
2023-06-18 21:53:49,0
2023-06-18 21:53:50,0
2023-06-18 21:53:51,0
2023-06-18 21:53:52,0
2023-06-18 21:53:53,0
2023-06-18 21:53:54,0
2023-06-18 21:53:55,0
2023-06-18 21:53:56,0
2023-06-18 21:53:57,0
2023-06-18 21:53:58,0
2023-06-18 21:53:59,0
2023-06-18 21:54:00,0
2023-06-18 21:54:01,0
2023-06-18 21:54:02,0
2023-06-18 21:54:03,0
2023-06-18 21:54:04,0
2023-06-18 21:54:05,0
2023-06-18 21:54:06,0
2023-06-18 21:54:07,0
2023-06-18 21:54:08,0
2023-06-18 21:54:09,0
2023-06-18 21:54:10,0
2023-06-18 21:54:11,0
2023-06-18 21:54:12,0
2023-06-18 21:54:13,0
2023-06-18 21:54:14,0
2023-06-18 21:54:15,0
2023-06-18 21:54:16,0
2023-06-18 21:54:17,0
2023-06-18 21:54:18,0
2023-06-18 21:54:19,0
2023-06-18 21:54:20,0
2023-06-18 21:54:21,0
2023-06-18 21:54:22,0
2023-06-18 21:54:23,0
2023-06-18 21:54:24,0
2023-06-18 21:54:25,0
2023-06-18 21:54:26,0
2023-06-18 21:54:27,0
2023-06-18 21:54:28,0
2023-06-18 21:54:29,0
2023-06-18 21:54:30,0
2023-06-18 21:54:31,0
2023-06-18 21:54:32,0
2023-06-18 21:54:33,0
2023-06-18 21:54:34,0
2023-06-18 21:54:35,0
2023-06-18 21:54:36,0
2023-06-18 21:54:37,0
2023-06-18 21:54:38,0
2023-06-18 21:54:39,0
2023-06-18 21:54:40,0
2023-06-18 21:54:41,0
2023-06-18 21:54:42,0
2023-06-18 21:54:43,0
2023-06-18 21:54:44,0
2023-06-18 21:54:45,0
2023-06-18 21:54:46,0
2023-06-18 21:54:47,0
2023-06-18 21:54:48,0
2023-06-18 21:54:49,0
2023-06-18 21:54:50,0
2023-06-18 21:54:51,0
2023-06-18 21:54:52,0
2023-06-18 21:54:53,0
2023-06-18 21:54:54,0
2023-06-18 21:54:55,0
2023-06-18 21:54:56,0
2023-06-18 21:54:57,0
2023-06-18 21:54:58,0
2023-06-18 21:54:59,0
2023-06-18 21:55:00,0
2023-06-18 21:55:01,0
2023-06-18 21:55:02,0
2023-06-18 21:55:03,0
2023-06-18 21:55:04,0
2023-06-18 21:55:05,0
2023-06-18 21:55:06,0
2023-06-18 21:55:07,0
2023-06-18 21:55:08,0
2023-06-18 21:55:09,0
2023-06-18 21:55:10,0
2023-06-18 21:55:11,0
2023-06-18 21:55:12,0
2023-06-18 21:55:13,0
2023-06-18 21:55:14,0
2023-06-18 21:55:15,0
2023-06-18 21:55:16,0
2023-06-18 21:55:17,0
2023-06-18 21:55:18,0
2023-06-18 21:55:19,0
2023-06-18 21:55:20,0
2023-06-18 21:55:21,0
2023-06-18 21:55:22,0
2023-06-18 21:55:23,0
2023-06-18 21:55:24,0
2023-06-18 21:55:25,0
2023-06-18 21:55:26,0
2023-06-18 21:55:27,0
2023-06-18 21:55:28,0
2023-06-18 21:55:29,0
2023-06-18 21:55:30,0
2023-06-18 21:55:31,0
2023-06-18 21:55:32,0
2023-06-18 21:55:33,0
2023-06-18 21:55:34,0
2023-06-18 21:55:35,0
2023-06-18 21:55:36,0
2023-06-18 21:55:37,0
2023-06-18 21:55:38,0
2023-06-18 21:55:39,0
2023-06-18 21:55:40,0
2023-06-18 21:55:41,0
2023-06-18 21:55:42,0
2023-06-18 21:55:43,0
2023-06-18 21:55:44,0
2023-06-18 21:55:45,0
2023-06-18 21:55:46,0
2023-06-18 21:55:47,0
2023-06-18 21:55:48,0
2023-06-18 21:55:49,0
2023-06-18 21:55:50,0
2023-06-18 21:55:51,0
2023-06-18 21:55:52,0
2023-06-18 21:55:53,0
2023-06-18 21:55:54,0
2023-06-18 21:55:55,0
2023-06-18 21:55:56,0
2023-06-18 21:55:57,0
2023-06-18 21:55:58,0
2023-06-18 21:55:59,0
2023-06-18 21:56:00,0
2023-06-18 21:56:01,0
2023-06-18 21:56:02,0
2023-06-18 21:56:03,0
2023-06-18 21:56:04,0
2023-06-18 21:56:05,0
2023-06-18 21:56:06,0
2023-06-18 21:56:07,0
2023-06-18 21:56:08,0
2023-06-18 21:56:09,0
2023-06-18 21:56:10,0
2023-06-18 21:56:11,0
2023-06-18 21:56:12,0
2023-06-18 21:56:13,0
2023-06-18 21:56:14,1
2023-06-18 21:56:15,0
2023-06-18 21:56:16,0
2023-06-18 21:56:17,0
2023-06-18 21:56:18,0
2023-06-18 21:56:19,0
2023-06-18 21:56:20,0
2023-06-18 21:56:21,0
2023-06-18 21:56:22,0
2023-06-18 21:56:23,0
2023-06-18 21:56:24,0
2023-06-18 21:56:25,0
2023-06-18 21:56:26,0
2023-06-18 21:56:27,0
2023-06-18 21:56:28,0
2023-06-18 21:56:29,0
2023-06-18 21:56:30,0
2023-06-18 21:56:31,0
2023-06-18 21:56:32,0
2023-06-18 21:56:33,0
2023-06-18 21:56:34,0
2023-06-18 21:56:35,0
2023-06-18 21:56:36,0
2023-06-18 21:56:37,0
2023-06-18 21:56:38,0
2023-06-18 21:56:39,0
2023-06-18 21:56:40,0
2023-06-18 21:56:41,0
2023-06-18 21:56:42,0
2023-06-18 21:56:43,0
2023-06-18 21:56:44,0
2023-06-18 21:56:45,0
2023-06-18 21:56:46,0
2023-06-18 21:56:47,0
2023-06-18 21:56:48,0
2023-06-18 21:56:49,0
2023-06-18 21:56:50,0
2023-06-18 21:56:51,0
2023-06-18 21:56:52,0
2023-06-18 21:56:53,0
2023-06-18 21:56:54,0
2023-06-18 21:56:55,0
2023-06-18 21:56:56,0
2023-06-18 21:56:57,0
2023-06-18 21:56:58,1
2023-06-18 21:56:59,0
2023-06-18 21:57:00,0
2023-06-18 21:57:01,0
2023-06-18 21:57:02,0
2023-06-18 21:57:03,0
2023-06-18 21:57:04,0
2023-06-18 21:57:05,0
2023-06-18 21:57:06,0
2023-06-18 21:57:07,0
2023-06-18 21:57:08,0
2023-06-18 21:57:09,0
2023-06-18 21:57:10,0
2023-06-18 21:57:11,0
2023-06-18 21:57:12,0
2023-06-18 21:57:13,0
2023-06-18 21:57:14,0
2023-06-18 21:57:15,0
2023-06-18 21:57:16,0
2023-06-18 21:57:17,0
2023-06-18 21:57:18,0
2023-06-18 21:57:19,0
2023-06-18 21:57:20,0
2023-06-18 21:57:21,0
2023-06-18 21:57:22,0
2023-06-18 21:57:23,0
2023-06-18 21:57:24,0
2023-06-18 21:57:25,0
2023-06-18 21:57:26,0
2023-06-18 21:57:27,0
2023-06-18 21:57:28,0
2023-06-18 21:57:29,0
2023-06-18 21:57:30,0
2023-06-18 21:57:31,0
2023-06-18 21:57:32,0
2023-06-18 21:57:33,0
2023-06-18 21:57:34,0
2023-06-18 21:57:35,0
2023-06-18 21:57:36,0
2023-06-18 21:57:37,0
2023-06-18 21:57:38,0
2023-06-18 21:57:39,0
2023-06-18 21:57:40,0
2023-06-18 21:57:41,0
2023-06-18 21:57:42,0
2023-06-18 21:57:43,0
2023-06-18 21:57:44,0
2023-06-18 21:57:45,0
2023-06-18 21:57:46,0
2023-06-18 21:57:47,0
2023-06-18 21:57:48,0
2023-06-18 21:57:49,0
2023-06-18 21:57:50,0
2023-06-18 21:57:51,0
2023-06-18 21:57:52,0
2023-06-18 21:57:53,0
2023-06-18 21:57:54,0
2023-06-18 21:57:55,0
2023-06-18 21:57:56,0
2023-06-18 21:57:57,0
2023-06-18 21:57:58,0
2023-06-18 21:57:59,0
2023-06-18 21:58:00,0
2023-06-18 21:58:01,0
2023-06-18 21:58:02,0
2023-06-18 21:58:03,0
2023-06-18 21:58:04,0
2023-06-18 21:58:05,0
2023-06-18 21:58:06,0
2023-06-18 21:58:07,0
2023-06-18 21:58:08,0
2023-06-18 21:58:09,0
2023-06-18 21:58:10,0
2023-06-18 21:58:11,0
2023-06-18 21:58:12,0
2023-06-18 21:58:13,0
2023-06-18 21:58:14,0
2023-06-18 21:58:15,0
2023-06-18 21:58:16,0
2023-06-18 21:58:17,0
2023-06-18 21:58:18,0
2023-06-18 21:58:19,0
2023-06-18 21:58:20,0
2023-06-18 21:58:21,0
2023-06-18 21:58:22,0
2023-06-18 21:58:23,0
2023-06-18 21:58:24,0
2023-06-18 21:58:25,0
2023-06-18 21:58:26,0
2023-06-18 21:58:27,0
2023-06-18 21:58:28,0
2023-06-18 21:58:29,0
2023-06-18 21:58:30,0
2023-06-18 21:58:31,0
2023-06-18 21:58:32,0
2023-06-18 21:58:33,0
2023-06-18 21:58:34,0
2023-06-18 21:58:35,0
2023-06-18 21:58:36,0
2023-06-18 21:58:37,0
2023-06-18 21:58:38,0
2023-06-18 21:58:39,0
2023-06-18 21:58:40,0
2023-06-18 21:58:41,0
2023-06-18 21:58:42,0
2023-06-18 21:58:43,0
2023-06-18 21:58:44,0
2023-06-18 21:58:45,0
2023-06-18 21:58:46,0
2023-06-18 21:58:47,0
2023-06-18 21:58:48,0
2023-06-18 21:58:49,0
2023-06-18 21:58:50,0
2023-06-18 21:58:51,0
2023-06-18 21:58:52,0
2023-06-18 21:58:53,0
2023-06-18 21:58:54,0
2023-06-18 21:58:55,0
2023-06-18 21:58:56,0
2023-06-18 21:58:57,0
2023-06-18 21:58:58,0
2023-06-18 21:58:59,0
2023-06-18 21:59:00,0
2023-06-18 21:59:01,0
2023-06-18 21:59:02,0
2023-06-18 21:59:03,0
2023-06-18 21:59:04,0
2023-06-18 21:59:05,0
2023-06-18 21:59:06,0
2023-06-18 21:59:07,0
2023-06-18 21:59:08,0
2023-06-18 21:59:09,0
2023-06-18 21:59:10,0
2023-06-18 21:59:11,0
2023-06-18 21:59:12,0
2023-06-18 21:59:13,0
2023-06-18 21:59:14,0
2023-06-18 21:59:15,0
2023-06-18 21:59:16,1
2023-06-18 21:59:17,0
2023-06-18 21:59:18,0
2023-06-18 21:59:19,0
2023-06-18 21:59:20,0
2023-06-18 21:59:21,0
2023-06-18 21:59:22,0
2023-06-18 21:59:23,0
2023-06-18 21:59:24,0
2023-06-18 21:59:25,0
2023-06-18 21:59:26,0
2023-06-18 21:59:27,0
2023-06-18 21:59:28,0
2023-06-18 21:59:29,0
2023-06-18 21:59:30,0
2023-06-18 21:59:31,0
2023-06-18 21:59:32,0
2023-06-18 21:59:33,0
2023-06-18 21:59:34,0
2023-06-18 21:59:35,0
2023-06-18 21:59:36,0
2023-06-18 21:59:37,0
2023-06-18 21:59:38,0
2023-06-18 21:59:39,0
2023-06-18 21:59:40,0
2023-06-18 21:59:41,0
2023-06-18 21:59:42,0
2023-06-18 21:59:43,0
2023-06-18 21:59:44,0
2023-06-18 21:59:45,0
2023-06-18 21:59:46,0
2023-06-18 21:59:47,0
2023-06-18 21:59:48,0
2023-06-18 21:59:49,0
2023-06-18 21:59:50,0
2023-06-18 21:59:51,0
2023-06-18 21:59:52,0
2023-06-18 21:59:53,0
2023-06-18 21:59:54,0
2023-06-18 21:59:55,0
2023-06-18 21:59:56,0
2023-06-18 21:59:57,0
2023-06-18 21:59:58,0
2023-06-18 21:59:59,0
2023-06-18 22:00:00,0
2023-06-18 22:00:01,0
2023-06-18 22:00:02,0
2023-06-18 22:00:03,0
2023-06-18 22:00:04,0
2023-06-18 22:00:05,0
2023-06-18 22:00:06,0
2023-06-18 22:00:07,0
2023-06-18 22:00:08,0
2023-06-18 22:00:09,0
2023-06-18 22:00:10,0
2023-06-18 22:00:11,0
2023-06-18 22:00:12,0
2023-06-18 22:00:13,0
2023-06-18 22:00:14,0
2023-06-18 22:00:15,0
2023-06-18 22:00:16,0
2023-06-18 22:00:17,0
2023-06-18 22:00:18,0
2023-06-18 22:00:19,0
2023-06-18 22:00:20,0
2023-06-18 22:00:21,0
2023-06-18 22:00:22,0
2023-06-18 22:00:23,0
2023-06-18 22:00:24,0
2023-06-18 22:00:25,0
2023-06-18 22:00:26,1
2023-06-18 22:00:27,0
2023-06-18 22:00:28,0
2023-06-18 22:00:29,0
2023-06-18 22:00:30,0
2023-06-18 22:00:31,0
2023-06-18 22:00:32,0
2023-06-18 22:00:33,0
2023-06-18 22:00:34,0
2023-06-18 22:00:35,0
2023-06-18 22:00:36,0
2023-06-18 22:00:37,0
2023-06-18 22:00:38,0
2023-06-18 22:00:39,0
2023-06-18 22:00:40,0
2023-06-18 22:00:41,0
2023-06-18 22:00:42,0
2023-06-18 22:00:43,0
2023-06-18 22:00:44,0
2023-06-18 22:00:45,0
2023-06-18 22:00:46,0
2023-06-18 22:00:47,0
2023-06-18 22:00:48,0
2023-06-18 22:00:49,0
2023-06-18 22:00:50,0
2023-06-18 22:00:51,0
2023-06-18 22:00:52,0
2023-06-18 22:00:53,0
2023-06-18 22:00:54,0
2023-06-18 22:00:55,0
2023-06-18 22:00:56,0
2023-06-18 22:00:57,0
2023-06-18 22:00:58,0
2023-06-18 22:00:59,0
2023-06-18 22:01:00,0
2023-06-18 22:01:01,0
2023-06-18 22:01:02,0
2023-06-18 22:01:03,0
2023-06-18 22:01:04,0
2023-06-18 22:01:05,0
2023-06-18 22:01:06,0
2023-06-18 22:01:07,0
2023-06-18 22:01:08,0
2023-06-18 22:01:09,0
2023-06-18 22:01:10,0
2023-06-18 22:01:11,0
2023-06-18 22:01:12,0
2023-06-18 22:01:13,0
2023-06-18 22:01:14,0
2023-06-18 22:01:15,0
2023-06-18 22:01:16,0
2023-06-18 22:01:17,0
2023-06-18 22:01:18,0
2023-06-18 22:01:19,0
2023-06-18 22:01:20,0
2023-06-18 22:01:21,0
2023-06-18 22:01:22,0
2023-06-18 22:01:23,0
2023-06-18 22:01:24,0
2023-06-18 22:01:25,0
2023-06-18 22:01:26,0
2023-06-18 22:01:27,0
2023-06-18 22:01:28,0
2023-06-18 22:01:29,0
2023-06-18 22:01:30,0
2023-06-18 22:01:31,0
2023-06-18 22:01:32,0
2023-06-18 22:01:33,0
2023-06-18 22:01:34,0
2023-06-18 22:01:35,0
2023-06-18 22:01:36,0
2023-06-18 22:01:37,0
2023-06-18 22:01:38,0
2023-06-18 22:01:39,0
2023-06-18 22:01:40,0
2023-06-18 22:01:41,0
2023-06-18 22:01:42,0
2023-06-18 22:01:43,0
2023-06-18 22:01:44,0
2023-06-18 22:01:45,0
2023-06-18 22:01:46,0
2023-06-18 22:01:47,0
2023-06-18 22:01:48,0
2023-06-18 22:01:49,0
2023-06-18 22:01:50,0
2023-06-18 22:01:51,0
2023-06-18 22:01:52,0
2023-06-18 22:01:53,0
2023-06-18 22:01:54,0
2023-06-18 22:01:55,0
2023-06-18 22:01:56,0
2023-06-18 22:01:57,0
2023-06-18 22:01:58,0
2023-06-18 22:01:59,0
2023-06-18 22:02:00,0
2023-06-18 22:02:01,0
2023-06-18 22:02:02,0
2023-06-18 22:02:03,0
2023-06-18 22:02:04,0
2023-06-18 22:02:05,0
2023-06-18 22:02:06,0
2023-06-18 22:02:07,0
2023-06-18 22:02:08,0
2023-06-18 22:02:09,0
2023-06-18 22:02:10,0
2023-06-18 22:02:11,0
2023-06-18 22:02:12,0
2023-06-18 22:02:13,0
2023-06-18 22:02:14,0
2023-06-18 22:02:15,0
2023-06-18 22:02:16,0
2023-06-18 22:02:17,0
2023-06-18 22:02:18,0
2023-06-18 22:02:19,0
2023-06-18 22:02:20,0
2023-06-18 22:02:21,0
2023-06-18 22:02:22,0
2023-06-18 22:02:23,0
2023-06-18 22:02:24,0
2023-06-18 22:02:25,0
2023-06-18 22:02:26,0
2023-06-18 22:02:27,0
2023-06-18 22:02:28,0
2023-06-18 22:02:29,0
2023-06-18 22:02:30,0
2023-06-18 22:02:31,0
2023-06-18 22:02:32,0
2023-06-18 22:02:33,0
2023-06-18 22:02:34,0
2023-06-18 22:02:35,1
2023-06-18 22:02:36,0
2023-06-18 22:02:37,0
2023-06-18 22:02:38,0
2023-06-18 22:02:39,0
2023-06-18 22:02:40,0
2023-06-18 22:02:41,0
2023-06-18 22:02:42,0
2023-06-18 22:02:43,0
2023-06-18 22:02:44,0
2023-06-18 22:02:45,0
2023-06-18 22:02:46,0
2023-06-18 22:02:47,0
2023-06-18 22:02:48,0
2023-06-18 22:02:49,0
2023-06-18 22:02:50,0
2023-06-18 22:02:51,0
2023-06-18 22:02:52,0
2023-06-18 22:02:53,0
2023-06-18 22:02:54,0
2023-06-18 22:02:55,0
2023-06-18 22:02:56,0
2023-06-18 22:02:57,0
2023-06-18 22:02:58,0
2023-06-18 22:02:59,0
2023-06-18 22:03:00,0
2023-06-18 22:03:01,0
2023-06-18 22:03:02,0
2023-06-18 22:03:03,0
2023-06-18 22:03:04,0
2023-06-18 22:03:05,0
2023-06-18 22:03:06,0
2023-06-18 22:03:07,0
2023-06-18 22:03:08,0
2023-06-18 22:03:09,0
2023-06-18 22:03:10,0
2023-06-18 22:03:11,0
2023-06-18 22:03:12,0
2023-06-18 22:03:13,0
2023-06-18 22:03:14,0
2023-06-18 22:03:15,0
2023-06-18 22:03:16,0
2023-06-18 22:03:17,0
2023-06-18 22:03:18,0
2023-06-18 22:03:19,0
2023-06-18 22:03:20,0
2023-06-18 22:03:21,0
2023-06-18 22:03:22,0
2023-06-18 22:03:23,0
2023-06-18 22:03:24,0
2023-06-18 22:03:25,0
2023-06-18 22:03:26,0
2023-06-18 22:03:27,0
2023-06-18 22:03:28,0
2023-06-18 22:03:29,0
2023-06-18 22:03:30,0
2023-06-18 22:03:31,0
2023-06-18 22:03:32,0
2023-06-18 22:03:33,0
2023-06-18 22:03:34,0
2023-06-18 22:03:35,0
2023-06-18 22:03:36,0
2023-06-18 22:03:37,0
2023-06-18 22:03:38,0
2023-06-18 22:03:39,0
2023-06-18 22:03:40,0
2023-06-18 22:03:41,0
2023-06-18 22:03:42,0
2023-06-18 22:03:43,0
2023-06-18 22:03:44,0
2023-06-18 22:03:45,0
2023-06-18 22:03:46,0
2023-06-18 22:03:47,0
2023-06-18 22:03:48,0
2023-06-18 22:03:49,0
2023-06-18 22:03:50,0
2023-06-18 22:03:51,0
2023-06-18 22:03:52,0
2023-06-18 22:03:53,0
2023-06-18 22:03:54,0
2023-06-18 22:03:55,0
2023-06-18 22:03:56,0
2023-06-18 22:03:57,0
2023-06-18 22:03:58,0
2023-06-18 22:03:59,0
2023-06-18 22:04:00,0
2023-06-18 22:04:01,0
2023-06-18 22:04:02,0
2023-06-18 22:04:03,0
2023-06-18 22:04:04,0
2023-06-18 22:04:05,0
2023-06-18 22:04:06,0
2023-06-18 22:04:07,0
2023-06-18 22:04:08,0
2023-06-18 22:04:09,0
2023-06-18 22:04:10,0
2023-06-18 22:04:11,0
2023-06-18 22:04:12,0
2023-06-18 22:04:13,0
2023-06-18 22:04:14,0
2023-06-18 22:04:15,0
2023-06-18 22:04:16,0
2023-06-18 22:04:17,0
2023-06-18 22:04:18,0
2023-06-18 22:04:19,0
2023-06-18 22:04:20,0
2023-06-18 22:04:21,0
2023-06-18 22:04:22,0
2023-06-18 22:04:23,0
2023-06-18 22:04:24,0
2023-06-18 22:04:25,0
2023-06-18 22:04:26,0
2023-06-18 22:04:27,0
2023-06-18 22:04:28,0
2023-06-18 22:04:29,0
2023-06-18 22:04:30,0
2023-06-18 22:04:31,0
2023-06-18 22:04:32,0
2023-06-18 22:04:33,0
2023-06-18 22:04:34,0
2023-06-18 22:04:35,0
2023-06-18 22:04:36,0
2023-06-18 22:04:37,0
2023-06-18 22:04:38,0
2023-06-18 22:04:39,0
2023-06-18 22:04:40,0
2023-06-18 22:04:41,0
2023-06-18 22:04:42,0
2023-06-18 22:04:43,0
2023-06-18 22:04:44,0
2023-06-18 22:04:45,0
2023-06-18 22:04:46,0
2023-06-18 22:04:47,0
2023-06-18 22:04:48,0
2023-06-18 22:04:49,0
2023-06-18 22:04:50,0
2023-06-18 22:04:51,0
2023-06-18 22:04:52,0
2023-06-18 22:04:53,0
2023-06-18 22:04:54,0
2023-06-18 22:04:55,0
2023-06-18 22:04:56,0
2023-06-18 22:04:57,0
2023-06-18 22:04:58,0
2023-06-18 22:04:59,0
2023-06-18 22:05:00,0
2023-06-18 22:05:01,0
2023-06-18 22:05:02,0
2023-06-18 22:05:03,0
2023-06-18 22:05:04,0
2023-06-18 22:05:05,0
2023-06-18 22:05:06,0
2023-06-18 22:05:07,0
2023-06-18 22:05:08,0
2023-06-18 22:05:09,0
2023-06-18 22:05:10,0
2023-06-18 22:05:11,0
2023-06-18 22:05:12,0
2023-06-18 22:05:13,0
2023-06-18 22:05:14,0
2023-06-18 22:05:15,0
2023-06-18 22:05:16,0
2023-06-18 22:05:17,0
2023-06-18 22:05:18,0
2023-06-18 22:05:19,0
2023-06-18 22:05:20,0
2023-06-18 22:05:21,0
2023-06-18 22:05:22,0
2023-06-18 22:05:23,0
2023-06-18 22:05:24,0
2023-06-18 22:05:25,0
2023-06-18 22:05:26,0
2023-06-18 22:05:27,0
2023-06-18 22:05:28,0
2023-06-18 22:05:29,0
2023-06-18 22:05:30,0
2023-06-18 22:05:31,0
2023-06-18 22:05:32,0
2023-06-18 22:05:33,0
2023-06-18 22:05:34,0
2023-06-18 22:05:35,0
2023-06-18 22:05:36,0
2023-06-18 22:05:37,0
2023-06-18 22:05:38,0
2023-06-18 22:05:39,0
2023-06-18 22:05:40,0
2023-06-18 22:05:41,0
2023-06-18 22:05:42,0
2023-06-18 22:05:43,0
2023-06-18 22:05:44,0
2023-06-18 22:05:45,0
2023-06-18 22:05:46,0
2023-06-18 22:05:47,0
2023-06-18 22:05:48,0
2023-06-18 22:05:49,0
2023-06-18 22:05:50,0
2023-06-18 22:05:51,0
2023-06-18 22:05:52,0
2023-06-18 22:05:53,0
2023-06-18 22:05:54,0
2023-06-18 22:05:55,0
2023-06-18 22:05:56,0
2023-06-18 22:05:57,0
2023-06-18 22:05:58,0
2023-06-18 22:05:59,0
2023-06-18 22:06:00,0
2023-06-18 22:06:01,0
2023-06-18 22:06:02,0
2023-06-18 22:06:03,0
2023-06-18 22:06:04,0
2023-06-18 22:06:05,0
2023-06-18 22:06:06,0
2023-06-18 22:06:07,0
2023-06-18 22:06:08,0
2023-06-18 22:06:09,0
2023-06-18 22:06:10,0
2023-06-18 22:06:11,0
2023-06-18 22:06:12,0
2023-06-18 22:06:13,0
2023-06-18 22:06:14,0
2023-06-18 22:06:15,0
2023-06-18 22:06:16,0
2023-06-18 22:06:17,0
2023-06-18 22:06:18,0
2023-06-18 22:06:19,0
2023-06-18 22:06:20,0
2023-06-18 22:06:21,0
2023-06-18 22:06:22,0
2023-06-18 22:06:23,0
2023-06-18 22:06:24,0
2023-06-18 22:06:25,0
2023-06-18 22:06:26,0
2023-06-18 22:06:27,0
2023-06-18 22:06:28,0
2023-06-18 22:06:29,0
2023-06-18 22:06:30,0
2023-06-18 22:06:31,0
2023-06-18 22:06:32,0
2023-06-18 22:06:33,0
2023-06-18 22:06:34,0
2023-06-18 22:06:35,0
2023-06-18 22:06:36,0
2023-06-18 22:06:37,0
2023-06-18 22:06:38,0
2023-06-18 22:06:39,0
2023-06-18 22:06:40,0
2023-06-18 22:06:41,0
2023-06-18 22:06:42,0
2023-06-18 22:06:43,0
2023-06-18 22:06:44,0
2023-06-18 22:06:45,0
2023-06-18 22:06:46,0
2023-06-18 22:06:47,0
2023-06-18 22:06:48,0
2023-06-18 22:06:49,0
2023-06-18 22:06:50,0
2023-06-18 22:06:51,0
2023-06-18 22:06:52,0
2023-06-18 22:06:53,0
2023-06-18 22:06:54,0
2023-06-18 22:06:55,0
2023-06-18 22:06:56,0
2023-06-18 22:06:57,0
2023-06-18 22:06:58,0
2023-06-18 22:06:59,0
2023-06-18 22:07:00,0
2023-06-18 22:07:01,0
2023-06-18 22:07:02,0
2023-06-18 22:07:03,0
2023-06-18 22:07:04,0
2023-06-18 22:07:05,0
2023-06-18 22:07:06,0
2023-06-18 22:07:07,0
2023-06-18 22:07:08,0
2023-06-18 22:07:09,0
2023-06-18 22:07:10,0
2023-06-18 22:07:11,0
2023-06-18 22:07:12,0
2023-06-18 22:07:13,0
2023-06-18 22:07:14,0
2023-06-18 22:07:15,0
2023-06-18 22:07:16,0
2023-06-18 22:07:17,0
2023-06-18 22:07:18,0
2023-06-18 22:07:19,0
2023-06-18 22:07:20,0
2023-06-18 22:07:21,0
2023-06-18 22:07:22,0
2023-06-18 22:07:23,0
2023-06-18 22:07:24,0
2023-06-18 22:07:25,0
2023-06-18 22:07:26,0
2023-06-18 22:07:27,0
2023-06-18 22:07:28,0
2023-06-18 22:07:29,0
2023-06-18 22:07:30,0
2023-06-18 22:07:31,0
2023-06-18 22:07:32,0
2023-06-18 22:07:33,0
2023-06-18 22:07:34,0
2023-06-18 22:07:35,0
2023-06-18 22:07:36,0
2023-06-18 22:07:37,0
2023-06-18 22:07:38,0
2023-06-18 22:07:39,0
2023-06-18 22:07:40,0
2023-06-18 22:07:41,0
2023-06-18 22:07:42,0
2023-06-18 22:07:43,0
2023-06-18 22:07:44,0
2023-06-18 22:07:45,0
2023-06-18 22:07:46,0
2023-06-18 22:07:47,0
2023-06-18 22:07:48,0
2023-06-18 22:07:49,0
2023-06-18 22:07:50,0
2023-06-18 22:07:51,0
2023-06-18 22:07:52,0
2023-06-18 22:07:53,0
2023-06-18 22:07:54,0
2023-06-18 22:07:55,0
2023-06-18 22:07:56,0
2023-06-18 22:07:57,0
2023-06-18 22:07:58,0
2023-06-18 22:07:59,0
2023-06-18 22:08:00,0
2023-06-18 22:08:01,0
2023-06-18 22:08:02,0
2023-06-18 22:08:03,0
2023-06-18 22:08:04,0
2023-06-18 22:08:05,0
2023-06-18 22:08:06,0
2023-06-18 22:08:07,0
2023-06-18 22:08:08,0
2023-06-18 22:08:09,0
2023-06-18 22:08:10,0
2023-06-18 22:08:11,0
2023-06-18 22:08:12,0
2023-06-18 22:08:13,0
2023-06-18 22:08:14,0
2023-06-18 22:08:15,0
2023-06-18 22:08:16,0
2023-06-18 22:08:17,0
2023-06-18 22:08:18,0
2023-06-18 22:08:19,0
2023-06-18 22:08:20,0
2023-06-18 22:08:21,0
2023-06-18 22:08:22,0
2023-06-18 22:08:23,0
2023-06-18 22:08:24,0
2023-06-18 22:08:25,0
2023-06-18 22:08:26,0
2023-06-18 22:08:27,0
2023-06-18 22:08:28,0
2023-06-18 22:08:29,0
2023-06-18 22:08:30,0
2023-06-18 22:08:31,0
2023-06-18 22:08:32,0
2023-06-18 22:08:33,0
2023-06-18 22:08:34,0
2023-06-18 22:08:35,0
2023-06-18 22:08:36,0
2023-06-18 22:08:37,0
2023-06-18 22:08:38,1
